{
  "version": "7",
  "dialect": "sqlite",
  "entries": [
    {
      "idx": 0,
      "version": "6",
      "when": 1759214877150,
      "tag": "0000_sad_nocturne",
      "breakpoints": true
    },
    {
      "idx": 1,
      "version": "6",
      "when": 1759216180065,
      "tag": "0001_yummy_thor_girl",
      "breakpoints": true
    },
    {
      "idx": 2,
      "version": "6",
      "when": 1759298271291,
      "tag": "0002_nifty_lily_hollister",
      "breakpoints": true
    },
    {
      "idx": 3,
      "version": "6",
      "when": 1762945177867,
      "tag": "0003_quick_lizard",
      "breakpoints": true
    },
    {
      "idx": 4,
      "version": "6",
      "when": 1763037921311,
      "tag": "0004_melted_makkari",
      "breakpoints": true
    }
  ]
}